Dataset,Source_Dice,Finetune_Dice,Dice_Improvement(%),Source_IoU,Finetune_IoU,IoU_Improvement(%),Source_Precision,Finetune_Precision,Precision_Improvement(%),Source_Recall,Finetune_Recall,Recall_Improvement(%)
CVC-ClinicDB,0.5630860386356231,0.7644238894985568,35.75614329752913,0.3947584254126395,0.6228621390558058,57.783114674431665,0.5063660760079661,0.8201886569300005,61.975435518136365,0.6454601595478673,0.7182931227068747,11.283882061756618
ETIS-LaribPolypDB,0.4057258129412057,0.4220427513388339,4.021666326661036,0.27178068163932584,0.2866268635061923,5.462559655571297,0.31237242237845086,0.30222392092582423,-3.248846801313128,0.5786600113272438,0.6992754459738502,20.8439208318468
CVC-ColonDB,0.5038324437643352,0.610412039254841,21.153777770682385,0.3388738208695462,0.4396612063834542,29.741862400373314,0.5120587270510825,0.520433999990162,1.635607889609129,0.5002939701080322,0.739158918983058,47.744918617237346
