Dataset,Dice,IoU,Precision,Recall,Accuracy,ROC_AUC
Kvasir-SEG,0.7313173651695252,0.5786480641365052,0.6666072845458985,0.8222218894958496,0.9064944458007812,0.9323059706553923
CVC-ClinicDB,0.7644238894985568,0.6228621390558058,0.8201886569300005,0.7182931227068747,0.9602860577644841,0.9341259303958959
ETIS-LaribPolypDB,0.4220427513388339,0.2866268635061923,0.30222392092582423,0.6992754459738502,0.9182601928710937,0.9357794875967195
CVC-ColonDB,0.610412039254841,0.4396612063834542,0.520433999990162,0.739158918983058,0.9483120598291096,0.9061055573737162
宏平均(Macro Average),0.6320490113154392,0.48194956827048935,0.5773634655979712,0.744737344289908,0.9333381890663672,0.927079236505431
