Dataset,Model,Dice,IoU,Precision,Recall,Accuracy,ROC_AUC
Kvasir-SEG,Source Model,0.7313173651695252,0.5786480641365052,0.6666072845458985,0.8222218894958496,0.9064944458007812,0.9323059706553923
CVC-ClinicDB,Source Model,0.5630860386356231,0.3947584254126395,0.5063660760079661,0.6454601595478673,0.9109300317302826,0.8123597915864075
ETIS-LaribPolypDB,Source Model,0.4057258129412057,0.27178068163932584,0.31237242237845086,0.5786600113272438,0.9265342712402344,0.8926185042056365
CVC-ColonDB,Source Model,0.5038324437643352,0.3388738208695462,0.5120587270510825,0.5002939701080322,0.9452141209652549,0.7867828423328468
CVC-ClinicDB,Finetune Model,0.7644238894985568,0.6228621390558058,0.8201886569300005,0.7182931227068747,0.9602860577644841,0.9341259303958959
ETIS-LaribPolypDB,Finetune Model,0.4220427513388339,0.2866268635061923,0.30222392092582423,0.6992754459738502,0.9182601928710937,0.9357794875967195
CVC-ColonDB,Finetune Model,0.610412039254841,0.4396612063834542,0.520433999990162,0.739158918983058,0.9483120598291096,0.9061055573737162
